[{"model": "admin.logentry", "pk": 1, "fields": {"action_time": "2021-07-28T03:18:53.558", "user": 1, "content_type": 7, "object_id": "18", "object_repr": "маленький стул - id_14", "action_flag": 2, "change_message": "[{\"changed\": {\"fields\": [\"\\u041a\\u0430\\u0442\\u0435\\u0433\\u043e\\u0440\\u0438\\u044f\"]}}]"}}, {"model": "admin.logentry", "pk": 2, "fields": {"action_time": "2021-07-28T03:19:01.293", "user": 1, "content_type": 7, "object_id": "15", "object_repr": "Стул фамильный - id_14", "action_flag": 2, "change_message": "[{\"changed\": {\"fields\": [\"\\u041a\\u0430\\u0442\\u0435\\u0433\\u043e\\u0440\\u0438\\u044f\"]}}]"}}, {"model": "admin.logentry", "pk": 3, "fields": {"action_time": "2021-07-28T03:19:14.973", "user": 1, "content_type": 6, "object_id": "13", "object_repr": "Все", "action_flag": 3, "change_message": ""}}, {"model": "admin.logentry", "pk": 4, "fields": {"action_time": "2021-07-28T22:50:51.023", "user": 1, "content_type": 9, "object_id": "5", "object_repr": "Basket object (5)", "action_flag": 3, "change_message": ""}}, {"model": "admin.logentry", "pk": 5, "fields": {"action_time": "2021-07-28T22:50:51.128", "user": 1, "content_type": 9, "object_id": "4", "object_repr": "Basket object (4)", "action_flag": 3, "change_message": ""}}, {"model": "admin.logentry", "pk": 6, "fields": {"action_time": "2021-07-28T22:50:51.144", "user": 1, "content_type": 9, "object_id": "3", "object_repr": "Basket object (3)", "action_flag": 3, "change_message": ""}}, {"model": "admin.logentry", "pk": 7, "fields": {"action_time": "2021-07-28T22:50:51.159", "user": 1, "content_type": 9, "object_id": "2", "object_repr": "Basket object (2)", "action_flag": 3, "change_message": ""}}, {"model": "admin.logentry", "pk": 8, "fields": {"action_time": "2021-07-28T22:50:51.173", "user": 1, "content_type": 9, "object_id": "1", "object_repr": "Basket object (1)", "action_flag": 3, "change_message": ""}}, {"model": "admin.logentry", "pk": 9, "fields": {"action_time": "2021-07-29T13:27:01.642", "user": 1, "content_type": 9, "object_id": "8", "object_repr": "Basket object (8)", "action_flag": 3, "change_message": ""}}, {"model": "admin.logentry", "pk": 10, "fields": {"action_time": "2021-07-29T13:27:01.686", "user": 1, "content_type": 9, "object_id": "7", "object_repr": "Basket object (7)", "action_flag": 3, "change_message": ""}}, {"model": "admin.logentry", "pk": 11, "fields": {"action_time": "2021-07-29T13:27:01.704", "user": 1, "content_type": 9, "object_id": "6", "object_repr": "Basket object (6)", "action_flag": 3, "change_message": ""}}, {"model": "admin.logentry", "pk": 12, "fields": {"action_time": "2021-07-31T00:27:43.611", "user": 1, "content_type": 7, "object_id": "18", "object_repr": "маленький стул - id_14", "action_flag": 2, "change_message": "[{\"changed\": {\"fields\": [\"\\u041e\\u043f\\u0438\\u0441\\u0430\\u043d\\u0438\\u0435\"]}}]"}}, {"model": "admin.logentry", "pk": 13, "fields": {"action_time": "2021-07-31T00:27:48.368", "user": 1, "content_type": 7, "object_id": "20", "object_repr": "неоновая лампа - id_18", "action_flag": 2, "change_message": "[{\"changed\": {\"fields\": [\"\\u041e\\u043f\\u0438\\u0441\\u0430\\u043d\\u0438\\u0435\"]}}]"}}, {"model": "admin.logentry", "pk": 14, "fields": {"action_time": "2021-07-31T00:27:52.420", "user": 1, "content_type": 7, "object_id": "21", "object_repr": "табурет - id_14", "action_flag": 2, "change_message": "[{\"changed\": {\"fields\": [\"\\u041e\\u043f\\u0438\\u0441\\u0430\\u043d\\u0438\\u0435\"]}}]"}}, {"model": "admin.logentry", "pk": 15, "fields": {"action_time": "2021-07-31T00:27:56.251", "user": 1, "content_type": 7, "object_id": "19", "object_repr": "офисный стол - id_15", "action_flag": 2, "change_message": "[{\"changed\": {\"fields\": [\"\\u041e\\u043f\\u0438\\u0441\\u0430\\u043d\\u0438\\u0435\"]}}]"}}, {"model": "admin.logentry", "pk": 16, "fields": {"action_time": "2021-07-31T00:27:59.224", "user": 1, "content_type": 7, "object_id": "18", "object_repr": "маленький стул - id_14", "action_flag": 2, "change_message": "[]"}}, {"model": "admin.logentry", "pk": 17, "fields": {"action_time": "2021-07-31T00:28:02.532", "user": 1, "content_type": 7, "object_id": "17", "object_repr": "Диван - id_14", "action_flag": 2, "change_message": "[{\"changed\": {\"fields\": [\"\\u041e\\u043f\\u0438\\u0441\\u0430\\u043d\\u0438\\u0435\"]}}]"}}, {"model": "admin.logentry", "pk": 18, "fields": {"action_time": "2021-07-31T00:28:06.283", "user": 1, "content_type": 7, "object_id": "16", "object_repr": "Офисное кресло - id_15", "action_flag": 2, "change_message": "[{\"changed\": {\"fields\": [\"\\u041e\\u043f\\u0438\\u0441\\u0430\\u043d\\u0438\\u0435\"]}}]"}}, {"model": "admin.logentry", "pk": 19, "fields": {"action_time": "2021-07-31T00:28:09.779", "user": 1, "content_type": 7, "object_id": "15", "object_repr": "Стул фамильный - id_14", "action_flag": 2, "change_message": "[{\"changed\": {\"fields\": [\"\\u041e\\u043f\\u0438\\u0441\\u0430\\u043d\\u0438\\u0435\"]}}]"}}, {"model": "admin.logentry", "pk": 20, "fields": {"action_time": "2021-08-18T13:11:45.822", "user": 1, "content_type": 8, "object_id": "11", "object_repr": "id22913071", "action_flag": 3, "change_message": ""}}, {"model": "admin.logentry", "pk": 21, "fields": {"action_time": "2021-08-18T19:33:53.968", "user": 1, "content_type": 8, "object_id": "12", "object_repr": "id22913071", "action_flag": 3, "change_message": ""}}, {"model": "admin.logentry", "pk": 22, "fields": {"action_time": "2021-08-19T09:18:44.763", "user": 1, "content_type": 8, "object_id": "13", "object_repr": "id22913071", "action_flag": 3, "change_message": ""}}, {"model": "admin.logentry", "pk": 23, "fields": {"action_time": "2021-08-21T15:13:34.909", "user": 1, "content_type": 16, "object_id": "1", "object_repr": "Текущий заказ: 1", "action_flag": 1, "change_message": "[{\"added\": {}}]"}}, {"model": "admin.logentry", "pk": 24, "fields": {"action_time": "2021-08-21T16:10:27.260", "user": 1, "content_type": 16, "object_id": "2", "object_repr": "Текущий заказ: 2", "action_flag": 1, "change_message": "[{\"added\": {}}]"}}, {"model": "admin.logentry", "pk": 25, "fields": {"action_time": "2021-08-24T20:17:08.564", "user": 1, "content_type": 7, "object_id": "19", "object_repr": "офисный стол - id_15", "action_flag": 2, "change_message": "[{\"changed\": {\"fields\": [\"\\u041a\\u043e\\u043b\\u0438\\u0447\\u0435\\u0441\\u0442\\u0432\\u043e \\u043d\\u0430 \\u0441\\u043a\\u043b\\u0430\\u0434\\u0435\"]}}]"}}, {"model": "admin.logentry", "pk": 26, "fields": {"action_time": "2021-08-24T20:17:13.624", "user": 1, "content_type": 7, "object_id": "27", "object_repr": "Кресло модерн - id_16", "action_flag": 2, "change_message": "[{\"changed\": {\"fields\": [\"\\u041a\\u043e\\u043b\\u0438\\u0447\\u0435\\u0441\\u0442\\u0432\\u043e \\u043d\\u0430 \\u0441\\u043a\\u043b\\u0430\\u0434\\u0435\"]}}]"}}, {"model": "admin.logentry", "pk": 27, "fields": {"action_time": "2021-08-24T20:17:17.555", "user": 1, "content_type": 7, "object_id": "26", "object_repr": "Кресло модерн - id_16", "action_flag": 2, "change_message": "[{\"changed\": {\"fields\": [\"\\u041a\\u043e\\u043b\\u0438\\u0447\\u0435\\u0441\\u0442\\u0432\\u043e \\u043d\\u0430 \\u0441\\u043a\\u043b\\u0430\\u0434\\u0435\"]}}]"}}, {"model": "admin.logentry", "pk": 28, "fields": {"action_time": "2021-08-24T20:17:23.226", "user": 1, "content_type": 7, "object_id": "16", "object_repr": "Офисное кресло - id_15", "action_flag": 2, "change_message": "[{\"changed\": {\"fields\": [\"\\u041a\\u043e\\u043b\\u0438\\u0447\\u0435\\u0441\\u0442\\u0432\\u043e \\u043d\\u0430 \\u0441\\u043a\\u043b\\u0430\\u0434\\u0435\"]}}]"}}, {"model": "admin.logentry", "pk": 29, "fields": {"action_time": "2021-09-08T22:38:56.311", "user": 1, "content_type": 6, "object_id": "21", "object_repr": "new2", "action_flag": 2, "change_message": "[{\"changed\": {\"fields\": [\"Is active\"]}}]"}}, {"model": "admin.logentry", "pk": 30, "fields": {"action_time": "2021-09-08T22:39:04.746", "user": 1, "content_type": 6, "object_id": "23", "object_repr": "New3", "action_flag": 2, "change_message": "[{\"changed\": {\"fields\": [\"Is active\"]}}]"}}, {"model": "admin.logentry", "pk": 31, "fields": {"action_time": "2021-09-08T22:51:54.142", "user": 1, "content_type": 6, "object_id": "15", "object_repr": "Офис", "action_flag": 2, "change_message": "[{\"changed\": {\"fields\": [\"Is active\"]}}]"}}, {"model": "admin.logentry", "pk": 32, "fields": {"action_time": "2021-09-08T23:07:56.563", "user": 1, "content_type": 6, "object_id": "15", "object_repr": "Офис", "action_flag": 2, "change_message": "[{\"changed\": {\"fields\": [\"Is active\"]}}]"}}, {"model": "admin.logentry", "pk": 33, "fields": {"action_time": "2021-09-08T23:10:03.441", "user": 1, "content_type": 6, "object_id": "15", "object_repr": "Офис", "action_flag": 2, "change_message": "[{\"changed\": {\"fields\": [\"Is active\"]}}]"}}, {"model": "sessions.session", "pk": "e07legiao4upf9knq3lwuuv8pfu16dp9", "fields": {"session_data": ".eJxVjDsOwjAQBe_iGlmOf9iU9DmDtetd4wBypDipEHeHSCmgfTPzXiLBtta0dV7SROIiBnH63RDyg9sO6A7tNss8t3WZUO6KPGiX40z8vB7u30GFXr81xgzgjGFyOtscCvuBolcK2Rp0niCwD1GBNQ6Ki8Hi2ZEt2qI3QbN4fwD5vTgN:1mMMb1:PTia7U7A9d7LSHjNe1eJ1Tldiu-DR0-Cm1L13J1UIsc", "expire_date": "2021-09-18T10:43:59.648"}}, {"model": "sessions.session", "pk": "tg5niscg9suuvkqontvev9tcqf3dx4gc", "fields": {"session_data": ".eJxVjDsOwjAQBe_iGlmOf9iU9DmDtetd4wBypDipEHeHSCmgfTPzXiLBtta0dV7SROIiBnH63RDyg9sO6A7tNss8t3WZUO6KPGiX40z8vB7u30GFXr81xgzgjGFyOtscCvuBolcK2Rp0niCwD1GBNQ6Ki8Hi2ZEt2qI3QbN4fwD5vTgN:1m6woc:wYDR7NSKGzHcefeNaKAe_5FnLJXZEZlG0cYTg3VuOfg", "expire_date": "2021-08-06T22:10:18.412"}}, {"model": "sessions.session", "pk": "wxraweody6h4jo8ei5wofoxaeg6ak2c0", "fields": {"session_data": ".eJxVjDsOwjAQBe_iGlmOf9iU9DmDtetd4wBypDipEHeHSCmgfTPzXiLBtta0dV7SROIiBnH63RDyg9sO6A7tNss8t3WZUO6KPGiX40z8vB7u30GFXr81xgzgjGFyOtscCvuBolcK2Rp0niCwD1GBNQ6Ki8Hi2ZEt2qI3QbN4fwD5vTgN:1mH2nM:ZKY9kjNBxfaKbyE2hEc5yYeSU1UloYcH45Eks0wrUVc", "expire_date": "2021-09-03T18:34:44.347"}}, {"model": "mainapp.productcategory", "pk": 14, "fields": {"name": "Дом", "description": "Все для дома", "created": "2021-07-23T20:15:27.375", "updated": "2021-09-09T00:18:34.848", "is_active": true}}, {"model": "mainapp.productcategory", "pk": 15, "fields": {"name": "Офис", "description": "Все для офисных жителей", "created": "2021-07-23T20:15:27.391", "updated": "2021-09-08T23:10:03.387", "is_active": true}}, {"model": "mainapp.productcategory", "pk": 16, "fields": {"name": "Модерн", "description": "новомодная бабуйня", "created": "2021-07-23T20:15:27.419", "updated": "2021-07-23T20:15:27.419", "is_active": true}}, {"model": "mainapp.productcategory", "pk": 17, "fields": {"name": "Классика", "description": "Нестареющая классика", "created": "2021-07-23T20:15:27.439", "updated": "2021-07-23T20:15:27.439", "is_active": true}}, {"model": "mainapp.productcategory", "pk": 18, "fields": {"name": "Hitech", "description": "Высокотехнологичные товары", "created": "2021-07-23T20:15:27.464", "updated": "2021-08-07T14:40:22.473", "is_active": true}}, {"model": "mainapp.productcategory", "pk": 21, "fields": {"name": "new2", "description": "new1\r\nnew2\r\nnew3", "created": "2021-08-05T18:57:27.399", "updated": "2021-09-08T22:38:56.281", "is_active": true}}, {"model": "mainapp.productcategory", "pk": 23, "fields": {"name": "New3", "description": "New3New3New3", "created": "2021-08-07T11:59:36.023", "updated": "2021-09-08T22:39:04.722", "is_active": true}}, {"model": "mainapp.product", "pk": 15, "fields": {"category": 14, "name": "Стул фамильный", "short_desc": "Уникальный дизайн", "image": "products_images/stul_katrin_oreh_1__1__big_eADWas3.webp", "description": "Уникальный дизайн", "price": "6500.00", "quantity": 15, "is_active": true}}, {"model": "mainapp.product", "pk": 16, "fields": {"category": 15, "name": "Офисное кресло", "short_desc": "Место обитания планктона", "image": "products_images/office_uY80iqt.jpg", "description": "Место обитания планктона", "price": "3500.00", "quantity": 10, "is_active": true}}, {"model": "mainapp.product", "pk": 17, "fields": {"category": 14, "name": "Диван", "short_desc": "Мягкий, белый", "image": "products_images/white_sofa_Q1ZuiKt.jpg", "description": "Мягкий, белый", "price": "28000.00", "quantity": 50, "is_active": true}}, {"model": "mainapp.product", "pk": 18, "fields": {"category": 14, "name": "маленький стул", "short_desc": "маленький, но гордый стул", "image": "products_images/litle_ch.jpg", "description": "маленький, но гордый стул", "price": "800.00", "quantity": 4, "is_active": true}}, {"model": "mainapp.product", "pk": 19, "fields": {"category": 15, "name": "офисный стол", "short_desc": "просто стол", "image": "products_images/office_tb.jpg", "description": "просто стол", "price": "2100.00", "quantity": 6, "is_active": true}}, {"model": "mainapp.product", "pk": 20, "fields": {"category": 18, "name": "неоновая лампа", "short_desc": "разноцветная лампа", "image": "products_images/neonovaya-lampa-kaktus.jpg", "description": "разноцветная лампа", "price": "2580.00", "quantity": 13, "is_active": true}}, {"model": "mainapp.product", "pk": 21, "fields": {"category": 14, "name": "табурет", "short_desc": "просто табуретка", "image": "products_images/taburet.jpg", "description": "просто табуретка", "price": "1600.00", "quantity": 101, "is_active": true}}, {"model": "mainapp.product", "pk": 22, "fields": {"category": 14, "name": "Диван серый", "short_desc": "серый диван", "image": "products_images/grey_sofa.png", "description": "просто серый диван", "price": "12500.00", "quantity": 19, "is_active": true}}, {"model": "mainapp.product", "pk": 23, "fields": {"category": 16, "name": "Кресло модерн", "short_desc": "модерновая подпорка для спины", "image": "products_images/modern_ch.jpg", "description": "Сей девайс создает перпендикулярный упор для нижней части спины пользователя", "price": "56000.00", "quantity": 1, "is_active": true}}, {"model": "mainapp.product", "pk": 24, "fields": {"category": 16, "name": "Кресло модерн", "short_desc": "модерновая подпорка для спины", "image": "products_images/modern_ch_EtyoCm9.jpg", "description": "Сей девайс создает перпендикулярный упор для нижней части спины пользователя", "price": "56000.00", "quantity": 1, "is_active": false}}, {"model": "mainapp.product", "pk": 25, "fields": {"category": 16, "name": "Кресло модерн", "short_desc": "модерновая подпорка для спины", "image": "products_images/modern_ch_eX2m8Xj.jpg", "description": "Сей девайс создает перпендикулярный упор для нижней части спины пользователя", "price": "56000.00", "quantity": 2, "is_active": false}}, {"model": "mainapp.product", "pk": 26, "fields": {"category": 16, "name": "Кресло модерн", "short_desc": "модерновая подпорка для спины", "image": "products_images/modern_ch_7D70xHe.jpg", "description": "Сей девайс создает перпендикулярный упор для нижней части спины пользователя", "price": "56000.00", "quantity": 10, "is_active": false}}, {"model": "mainapp.product", "pk": 27, "fields": {"category": 16, "name": "Кресло модерн", "short_desc": "модерновая подпорка для спины", "image": "products_images/modern_ch_V1VIGLu.jpg", "description": "Сей девайс создает перпендикулярный упор для нижней части спины пользователя", "price": "56000.00", "quantity": 10, "is_active": false}}, {"model": "mainapp.product", "pk": 28, "fields": {"category": 18, "name": "hi tech лампа", "short_desc": "лампа из будущего", "image": "products_images/hitech_lamp.jpeg", "description": "Лампа с искусственным интеллектом", "price": "15000.00", "quantity": 14, "is_active": true}}, {"model": "mainapp.product", "pk": 29, "fields": {"category": 17, "name": "Классическая кровать", "short_desc": "для классического сна", "image": "products_images/638abc00ec988adff63633b2318ef938.jpg", "description": "Нетленная классика для классических вещей", "price": "42000.00", "quantity": 4, "is_active": true}}, {"model": "authapp.shopuser", "pk": 1, "fields": {"password": "pbkdf2_sha256$260000$rHD31iDeFqBARfnOFB9o0w$DcwQ4nRhCuKdZu9PisdUEV5pEhYNmjLFawSF3P9aeiY=", "last_login": "2021-09-04T10:43:59.382", "is_superuser": true, "username": "admin", "first_name": "Админ", "last_name": "", "email": "", "is_staff": true, "is_active": true, "date_joined": "2021-07-23T20:15:27.687", "avatar": "users_avatars/avatar.jpg", "age": 30, "activation_key": "", "activation_key_expires": "2021-08-16T13:49:16.423", "groups": [], "user_permissions": []}}, {"model": "authapp.shopuser", "pk": 2, "fields": {"password": "pbkdf2_sha256$260000$iAvJ9qIsFIE7v6NzsRsbZI$zD2y+4pGpHtKRnjO8j3koB6CIA7EBWujgGU8zeIeBkM=", "last_login": null, "is_superuser": false, "username": "user", "first_name": "Пользователь", "last_name": "", "email": "user@user.user", "is_staff": false, "is_active": true, "date_joined": "2021-08-04T14:14:11", "avatar": "", "age": 35, "activation_key": "", "activation_key_expires": "2021-08-16T13:49:16.423", "groups": [], "user_permissions": []}}, {"model": "authapp.shopuser", "pk": 4, "fields": {"password": "pbkdf2_sha256$260000$Dcl4mZA9ahl2PS3usCxXzT$PuJgamodMEFSxMHReL5FgX0PepyA5Fdwqn9egY6us/8=", "last_login": null, "is_superuser": false, "username": "user2", "first_name": "пользователь2", "last_name": "", "email": "2@2.ru", "is_staff": false, "is_active": true, "date_joined": "2021-08-05T14:40:25", "avatar": "", "age": 46, "activation_key": "", "activation_key_expires": "2021-08-16T13:49:16.423", "groups": [], "user_permissions": []}}, {"model": "authapp.shopuser", "pk": 7, "fields": {"password": "pbkdf2_sha256$260000$0kCJZ7gy8KqEDDTv70SUOV$ajA929EjUpR9YAAF/jRpX6ljngQuvjN5O2C9Cc643xQ=", "last_login": "2021-08-14T14:37:16.483", "is_superuser": false, "username": "test_user3", "first_name": "Тест3", "last_name": "", "email": "test3@test3.ru", "is_staff": false, "is_active": true, "date_joined": "2021-08-14T14:36:45.892", "avatar": "", "age": 34, "activation_key": "9ce532793676fe325739c7560ffe5103c88aefdb", "activation_key_expires": "2021-08-16T14:35:51.445", "groups": [], "user_permissions": []}}, {"model": "authapp.shopuser", "pk": 8, "fields": {"password": "pbkdf2_sha256$260000$OfC3cVsyb4A559HDH9834k$l8oSouu0kS6eLs4AH6/YOgu8bauEBWJa4ehRijueaRA=", "last_login": "2021-08-14T14:44:23.150", "is_superuser": false, "username": "test_user1", "first_name": "Тест1", "last_name": "", "email": "test1@test.ru", "is_staff": false, "is_active": true, "date_joined": "2021-08-14T14:41:54.210", "avatar": "", "age": 44, "activation_key": "879b17bdf3f2289f8a550117db480cc8b25b290a", "activation_key_expires": "2021-08-16T14:40:52.797", "groups": [], "user_permissions": []}}, {"model": "authapp.shopuser", "pk": 9, "fields": {"password": "pbkdf2_sha256$260000$OXbv1ud8I00GIAyH6bMYGu$GmiTo6Y/B54TKbEBWVLykrDI+kIiiYsImuyQPQEHYrc=", "last_login": "2021-08-14T15:13:41.632", "is_superuser": false, "username": "test_user2", "first_name": "пользователь2", "last_name": "", "email": "test2@test2.ru", "is_staff": false, "is_active": true, "date_joined": "2021-08-14T15:13:28.809", "avatar": "", "age": 33, "activation_key": "353162785de49baff9129b16dae8458c556cea50", "activation_key_expires": "2021-08-16T15:13:03.028", "groups": [], "user_permissions": []}}, {"model": "authapp.shopuser", "pk": 10, "fields": {"password": "pbkdf2_sha256$260000$NSAujf1B3z02ESf3KKNQ8s$2xomSXuZ7ioUR1T/W7omr7BBdK2gclgvL8S7n3Jza6o=", "last_login": null, "is_superuser": false, "username": "test_user4", "first_name": "пользователь4", "last_name": "", "email": "test4@test4.ru", "is_staff": false, "is_active": false, "date_joined": "2021-08-14T15:16:25.672", "avatar": "", "age": 32, "activation_key": "e6c2a075a159196c29eb17a8842c948e7d6bb697", "activation_key_expires": "2021-08-16T15:14:55.988", "groups": [], "user_permissions": []}}, {"model": "authapp.shopuserprofile", "pk": 1, "fields": {"user": 1, "tagline": "", "about_me": "", "gender": ""}}, {"model": "authapp.shopuserprofile", "pk": 2, "fields": {"user": 2, "tagline": "", "about_me": "", "gender": ""}}, {"model": "authapp.shopuserprofile", "pk": 3, "fields": {"user": 4, "tagline": "", "about_me": "", "gender": ""}}, {"model": "authapp.shopuserprofile", "pk": 4, "fields": {"user": 7, "tagline": "", "about_me": "", "gender": ""}}, {"model": "authapp.shopuserprofile", "pk": 5, "fields": {"user": 8, "tagline": "", "about_me": "", "gender": ""}}, {"model": "authapp.shopuserprofile", "pk": 6, "fields": {"user": 9, "tagline": "", "about_me": "", "gender": ""}}, {"model": "authapp.shopuserprofile", "pk": 7, "fields": {"user": 10, "tagline": "", "about_me": "", "gender": ""}}, {"model": "basketapp.basket", "pk": 34, "fields": {"user": 1, "product": 21, "quantity": 1, "add_datetime": "2021-09-04T10:44:07.917"}}, {"model": "basketapp.basket", "pk": 35, "fields": {"user": 1, "product": 15, "quantity": 1, "add_datetime": "2021-09-04T10:44:33.611"}}, {"model": "ordersapp.order", "pk": 1, "fields": {"user": 7, "created": "2021-08-21T15:13:34.908", "updated": "2021-08-21T15:13:34.908", "status": "STP", "is_active": true}}, {"model": "ordersapp.order", "pk": 2, "fields": {"user": 1, "created": "2021-08-21T16:10:26.599", "updated": "2021-08-21T17:26:28.886", "status": "FM", "is_active": false}}, {"model": "ordersapp.order", "pk": 3, "fields": {"user": 1, "created": "2021-08-21T17:26:02.512", "updated": "2021-08-28T10:54:04.219", "status": "FM", "is_active": false}}, {"model": "ordersapp.order", "pk": 4, "fields": {"user": 1, "created": "2021-08-24T20:30:02.055", "updated": "2021-08-24T20:30:02.109", "status": "FM", "is_active": false}}, {"model": "ordersapp.order", "pk": 5, "fields": {"user": 1, "created": "2021-08-24T20:30:09.306", "updated": "2021-08-28T11:24:27.725", "status": "FM", "is_active": true}}, {"model": "ordersapp.order", "pk": 6, "fields": {"user": 1, "created": "2021-08-28T11:26:49.187", "updated": "2021-09-04T11:20:28.117", "status": "FM", "is_active": true}}, {"model": "ordersapp.orderitem", "pk": 1, "fields": {"order": 3, "product": 21, "quantity": 2}}, {"model": "ordersapp.orderitem", "pk": 2, "fields": {"order": 3, "product": 20, "quantity": 1}}, {"model": "ordersapp.orderitem", "pk": 3, "fields": {"order": 3, "product": 15, "quantity": 1}}, {"model": "ordersapp.orderitem", "pk": 4, "fields": {"order": 5, "product": 17, "quantity": 1}}, {"model": "ordersapp.orderitem", "pk": 5, "fields": {"order": 6, "product": 19, "quantity": 4}}, {"model": "ordersapp.orderitem", "pk": 6, "fields": {"order": 6, "product": 18, "quantity": 1}}, {"model": "ordersapp.orderitem", "pk": 7, "fields": {"order": 6, "product": 22, "quantity": 1}}, {"model": "ordersapp.orderitem", "pk": 8, "fields": {"order": 6, "product": 19, "quantity": 1}}]